Price,Name
,8 BOTTLE WINE HOLDER RACK WALL MOUNTED CARAVAN PARTY BARS BRAND NEW
$12.00,Rabbit Wine Bottle Opener Corkscrew Set With Foil Cutter
$25.09,Electric wine opener Automatic bottle opener Red wine Corkscrew
$19.99,Champagne Glass Holder Storage Bar Accessory with Shelf Wall Mount Wine Holder
$30.59,Wine Bottle Storage 6 Slots Modern Countertop Metal Rack Kitchen Bar Organizer
,WHISKEY WINE BOURBON BRANDY SHERRY LIQUEUR ALCOHOL DECANTER SQUARE GLASS BOTTLE
$27.99,"Lifefactory 17 oz Wine Glass 4 Pack with Silicone Sleeves, Grass Green"
$23.99,Confetti Stemless Wine Drink Glass Multi Green & Blue TAG FREE SHIPPING  
$5.75,100pcs Heat Shrink Capsules PVC Wine Bottle Caps Shrinkable Seal Film Covers 3cm
$1.20,Stainless Steel Reusable Vacuum Sealed Champagne Red Wine Bottle Stopper Cap New
$89.99,Moonshine Still 8Gal/30L Water Alcohol Distiller Home Brew Wine Making Kit 3 Pot
,6 x 200ML GLASS WHISKEY WINE TUMBLERS & SQUARE GLASS DECANTER BOTTLE BOXED SET
$15.00,confetti wine glass
$8.65,Wine Bottle Opener Corkscrew Set RED 5 pc Stopper Pourer Foil Cutter Bottle
$14.98,Wall Mounted Upside Down Wine Bottle Rack Goblet Glass Holder Storage Organizer
$11.99,Leather Wine Carrier Single Bottle Gift Bag Christmas Wedding Party Reusable
,HOMCOM Globe Drink Cabinet Mini Bar Movable Double Deck Wine Bottle Stand
$59.00,"6 Spiegelau Crystal Tasting Wine Glasses, Germany detailed stems excellent shape"
$22.99,"mDesign Metal Wine Rack Storage Organizer, 6 Bottles - Chrome"
$9.00,Wine Rack
$59.99,Yeti Rambler  30 oz and 10oz wine tumbler Sea Foam
$44.33,Iron Glass Holder Organizer Wall Mounted Kitchen Bar 5 Bottles Wine Rack Display
$2.99,"Stemless wine glass Etched coordinates of Myakka River State Park, Very Good"
,For Samsung Galaxy Note 20 S20+ Ultra Leather Flip Stand Wallet Card Cover Case
$30.88,Sitting Deer Wine Bottle Holder Decoration New
$11.44,Outdoor Wine Glass Beer Holder To Armrest With Attachments Red Wine Base _yoxq
$24.99,Halloween Skeleton Hand Stemless Single Wine Glass Black with Silver Zinc Alloy 
$26.88,Hanging Wine Cup Rack Goblet Inverted Holder Stemware Display Shelf Drainer
$5.99,1 Set Holdups Wine Bottle Holder
$42.32,Stemware Rack Display Kitchen Wine Glass Holder Bottle Carbon Steel Free Punch
$3.00,New Never Used CROFTON CHEFS COLLECTION WINE COOLING STICK IN PACKAGE
$1.99,Gold Band Wine Glasses Clear glass round stems 2 12 ounce elegant stems
$52.99,Fruit Press 1.3L Mini Press Aluminum/Stainless Steel Tincture Cheese Wine Beer
$9.99,FASHIONCRAFT ‘Love Is A Voyage’ Wine Bottle Topper Silvertoned 3 1/2”
$26.00,Wine Bottle Holder
$9.99,Bottle tops lid reusable vacuume sealer stopper flip cap cork wine beer 
$14.00,VTG (4) 7 Ounce Since 1852 Milk Bottle Wine Carafe Juice Glass with Cork Lids
$34.95,Galvanized Metal Wine Caddy
$12.95,Black Pug wine holder
$10.95,"Vintage MIKASA Crystal Glass Wine Bottle Stopper Grape Cluster 6""  EUC"
$11.69,Hoodie Wine Bottle Holder
$19.98,Anthropologie Gold Elegant Swan Decorative Metal Bottle Stopper Wine Saver
$5.00,"2 Wine Glasses 8oz  7"" inches tall drinks for two Good condition (fast shipper)"
,Personalised name vinyl decal sticker Champagne Wine Glass bauble Water Bottle
,"Uni Posca PC-5M Paint Marker Pens Fabric Glass Metal Pen - Buy 4, Pay For 3"
$16.95,Twas The Nightcap Before Christmas Rosy Red Felt Fabric Wine Bottle Cover
,New Ladies Soft Flannel Fleece Hooded Dressing Gown Bathrobe Sizes 8-22
$11.56,Rust Proof Three Rows Tool Wine Glass Holder Simple Iron Wire Home Hanging Rack
$59.25,1pc Wine Display Rack Wine Holders Wine Bottle Racks for Home Cabinet
,Premium Pearl Shimmer Mica Powder Metallic Epoxy Resin Pigment Dye Art&Craft
$59.95,Vintner's Reserve Wine Bottle Opener With Stand VERY NICE Ready to Ship
$32.13,1PC Tricycle Shape Red Wine Rack Cocktail Holder Wine Display Rack for Home Bar
$9.99,VTG BRASS BRONZE GLASS GRAPE LEAVES ORNATE WINE BOTTLE HOLDER 
$157.90,"Selmash Lux Home Alcohol Distiller Kit for wine brewing, 15 20 30 l"
$5.99,Beautiful Blue Dolphin Wine Bottle Stopper New In Box
$7.20,MARIJUANA LEAF WINE STOPPER
$10.75,Wine Bottle Holder
$39.25,1PC European Type Wine Glass Holder Beautiful Goblet Storage  Rack (Silver)
$20.00,"Brand new Cuisinart CWO-25 Electric Wine Opener, Stainless Steel"
,"Waxed Cotton Cord 1mm ,10m to 50m Jewellery Making & Bracelet Necklace Craft "
$19.99,500g Active Dry Yeast for Alcohol Fermentation / White Wine Brewing with sacchar
$27.90,NEW Oak Barrel Wooden Barrel for Storage Aging Wine Whiskey Spirits Wine Barrel
$22.99,Chirpy Top Wine Pourer Stainless Steel Tubes Chirps When You Pour
$35.00,Ol' Red Wine Glasses Ball Mason Jar Fancy Rednecks Set of 2 New in Box
$12.00,4 Piece Glass Set Wine Champagne Glasses New In Box Party Sparkle Cheers Bubbly
$34.00,VTG 1970s MCM Brown Steel Tube Wall or Desk Mounted 12-Wine Rack Bottle Holder
$0.99,Boho Women Multi-layer Long Chain Pendant Crystal Choker Necklace Jewelry Gift
$17.28,Air Pressure Pump Wine Opener Set Bottle Cork Remover Accessory Tool For Bar.
$27.00,Wild West Wine
$8.00,Lolita Happy Retirement Wine Glass 15 Ounce GLS11-5534H
$8.25,Cork Wine Bottle Stoppers With Candle Wicks Set 4
$65.95,Chef Wine Bottle Holder
$7.67,European Style Wine Rack Plastic Water Bottle Display Mat Wine Holder Organizer
$26.63,Cup Hanging Shelf Cup Rack Iron Wine Glass Shelf Restaurant Bar for Home Kitchen
$20.00,"Fabulous at 50 wine glass, Out of the Box, 33"
$54.49,Resin Wine Rack Bottle Holder Lady Figurines Statue Bar Wedding Home Decor Gift
$3.68,38/40/42/44mm Silicone Sport iWatch Band Strap for Apple Watch Series 6 5 4 3 SE
$6.30,Double Lever Wine Corker Used In Good Shape
$24.99,"Threshold Quality Strafford Champagne Glasses Set of 4, New in Box, Wine Flutes"
$18.75,Wine Rack Holder Iron Art Hanging Racks Glass Cup Stemware Shelf Mounted 2 Color
$14.08,Alcoholmeter Alcohol Meter Wine 0-100%+Thermometer Set Bar Tools Vintage Tester
$11.75,TWO NEW CORK CAGE ORNAMENTS: Wine Barrel & Wine Bottle Bar Tree Decorations!
$15.85,Unicorn Wine Bottle Display
$9.99,Mikasa Cheers Metallics Gold 14oz Wine Glasses With Original Stickers ~Set Of 2
$74.99,Tiffany and Co Pair 2 Stemless Wine Champagne Glasses Original Stickers NO BOX
$5.00,Wine spoon
$324.33,50L/70L Moonshine Still Home Alcohol Oil Distiller Wine Making Water Brew Kit
$35.00,CYLINDER GLASS PAROT for 100ml  WHISKEY WINE BEER FORCES OF ALCOHOL HOOCH 
$200.00,EU Blichmann Riptide Brewing Pump - Hombrew Beer Wine Food Grade Stainless Steel
$19.99,Electric Wine Bottle Opener Auto Cordless Corkscrew Wine Cork Remover Opener
$27.95,Unicorn Wine Bottle Holder
$19.99,"Keep the Boos Coming Stainless Steel Stemless Wine Tumbler, 12 oz."
,1pc Halloween Wine Cup Funny Creative Red Wine Glass for Inside Indoor
$35.45,Vintage Crystal Red Wine Glasses NOS West Germany 1983 6 10 ounce elegant stems
$18.74,"Libbey Classic White Wine Glasses, Set of 4 14 ounce Glass "
$8.99,Wine Things Unlimited - Tipsy Wine Elf - Pewter Wine Bottle Stopper/Cork
$22.50,"VINTAGE IRON WINE BOTTLE HOLDER CADDY~HAND WROUGHT, CUT, SOLDERED"
$17.45,1Pc Wine Glass Holder Beautiful Goblet Storage Cup Draining Rack (Black)
$6.00,Nba Dallas Mavericks Opal Wine Tumbler New
$11.71,Wine Opener Accessories Gift Tools Set with Waiters Corkscrew Opener 5 Piece^
,1pc Chic Wine Organizer Wine Bottle Racks for Home Cabinet Office
$19.90,Cuisinart Stainless Steel Electric Wine Opener - CWO-25 - Brand New in the Box
$29.95,2 Cakebread Cellars Napa Valley Wine Glasses
$32.99,Vintage Wine Basket Holder - 3 Bottles
$5.00,Wine Bottle Holder From Costa Rica Has A Parrot Painted On It
,Pure Premium 100g Victoria Street Fine Glitter Powder for Wine Glass Nails Craft
$20.00,Hardwood Wine Rack 12 Bottles Very Nice Eonophiles Delight
$25.00,3 Ikea Stainless Steel 4-bottle Wine Rack 300.557.60 - great condition gift it!
$28.08,With Hooks Stemware Storage Multiple Uses Iron Wine Rack Hanging Glass
$12.99,Birthday Girl 15 oz Hand Painted Wine Glass With Box & Recipe by Lolita New
$35.27,USB Charging Bar Home Pumps Wine Opener Bottles Electric Automatic Kitchen Tool
$24.00,9.5 Inch Dinosaur Bones Wine Bottle Holder
$32.00,Frosted Satin Wine Goblet Glasses Crooked Stem Set Of 3
$23.99,ELTOW Modular Plastic Wine Rack 3-Pack Stackable Display and Fridge Storage S...
$34.99,4 Tupperware Wine Stemless Cups Set Acrylic Plastic Shatter Proof Beverages New
$20.00,"Lolita ""Wine Bouquet"" Hand Painted and Decorated Wine Glass NIB"
$14.99,Waring Pro WO50B Cordless Wine Opener Black Brushed Stainless w Charger 
$8.99,"6Pc set Blue Wine Glass  7.5"" Tall Leaf and Button Pattern  VGC"
$16.97,Hicoup Waiters Corkscrew Wine Bottle Opener Professional Stainless Steel - Black
$26.00,Diamond Cut Crystal Whisky Glass Coketail Glasses Wine Glass 310ml Set of 6
$19.10,Wine Glass Hanging Metal Wine Cup Rack Bar Double Stemware Glass Bottle Goblet
$24.20,Rabbit Wine Tool Kit 6 Piece Set. Open box Sealed 
$59.99,NIB Waterford Seahorse Crystal Wine Bottle Stopper with Tag Ireland
$27.99,THE CELLAR BASICS Wine Flute Glasses set of 12 6 oz (177 mL) New in Box
$299.00,Press Wine 20L Fruit Cider Apple Crusher Juice Grape Stainless Maker Grapes New 
$279.00,Press Wine 15L Fruit Cider Apple Crusher Juice Grape Stainless Maker Grapes New 
$225.99,Moonshine Still Alcohol Whisky Wine Oil Alembic Still Brewing Home Distiller Kit
$7.99,PERSONALIZED WINE CELLAR BOTTLE OPENER / CORKSCREW ~ JOHN ~ FRIDGE MAGNET
$15.19,Wine Glass Holder Shelf Japanese Style Bar Iron Under Cabinet Stemware Rack
$7.99,PERSONALIZED WINE CELLAR BOTTLE OPENER / CORKSCREW ~ Kelly ~ FRIDGE MAGNET
$14.99,THE ORIGINAL NIB WINE-DOWN REDNEK 16 oz. WINE GLASS x2 - NR
,Maxwell & Williams 2 x 500ml Stemless Wine Glasses - Celebrations Gold
$17.95,RETIRED PAMPERED CHEF Wine Bottle Corkscrew Hand Opener NEW
$20.00,"Lolita ""Congratulations"" Hand Painted and Decorated Wine Glass NIB"
$7.50,Replacement Corkscrew Parts Spiral Worm Wine Opener Bottle Houdini
$12.95,New without boxes heavy duty plastic wine glasses lot of 16
$15.95,Vintage Set of 4 Clear Iridescent Rainbow Glass Glasses Champagne Wine
$29.99,2 Hand Blown Wine Water Goblet Glass Art Mexico Pulled Feather Iridescent Swirl
$16.00,Libbey Snowflake Wine Dessert Glass/Tumbler Set of 8.
$25.98,Vintage Metal Art Sculpture Carving Chef Wine Bottle Holder and Display Tin Chef
$7.50,Leed's Wine Companion Bottle Corkscrew Opener Gift Box Set with Foil Cutter
$30.00,Pier 1 Multi-color Cordial Liqueur Wine Glasses Set of 4
$16.99,"(2) stacking Metal 8 Wine bottle holder Storage Rack, 8 bottles counter Display"
$65.00,6) Vintage Leaf Etched Straight Sided Wine Glasses. Set of 6 Unknown Maker
$65.00,6) Vintage Leaf Etched Straight Sided Wine Glasses. Set of 6 Unknown Maker
$12.99,Vintage Bronze Textured Black Iron Scroll Design 6 Bottle Wine Holder*
$7.30,a pair of wine glasses drawer 1 e
$12.00,Wine Glasses Goblets Pair Clear Glass
$23.75,Birthday Girl Wine Glass by Lolita
$45.00,"Metal 12""  tabletop Wine Bottle Display Rack Holder Caddy barware glass grapes "
$14.99,HAND PAINTED WINE GLASSES GRAPE DESIGN SET OF FOUR
$20.00,Elegant Wine Glasses w/Hand Splatter Painted Accents (3pcs)
$8.99,"One Pebbled Confetti Glass Wine Water Goblet 12 oz  8"" tall"
$16.00,Two Large Wine Glasses
$55.00,Vintage wine 2 bottles holder Iron & rattan rack
$0.99,Set of 4 Green Wine glasses
$30.00,Vintage Cobalt Blue Spiral Stemmed Wine Glasses - Pair
$24.00,Vintage Set of 3 Cobalt Blue Glass Wine Glasses / Water Goblets Barware Stemware
$20.00,Wine bottle holder rack
$3.99,Wagner Vineyards uncork new york Wine Glass
$3.00,Hazlitt 1852 Vineyard home of the red cat wine glass 
$60.00,VINTAGE  ANTIQUE BRASS TABLE TOP WINE BOTTLE OPENER /WOOD HANDLE
$3.99,Leidenfcost Vineyards Stemware Wine Glass 
$9.99,3~ Beautiful Yellow Handpainted Flowers Crystal Wine Glasses
$6.00,Wine Glasses Set Of 4
$5.99,Uncork New York rolling vineryards Wine glass set of 2
$10.00,Refinery Wine Opener 
$10.00,Wine Glasses - set of 6
$39.99,"Grand Reserve Wine Bottle Opener, Bar Stand, Table Top Cork Puller"
$12.00,Set of 2 Stemless Christmas Wine Glasses NEW
$5.00,Kamenstein Natural Hardwood Foldable 5 Bottle Wine Rack
$25.99,New Fully Automatic Red Wine Bottle Opener Electric Red Wine Opener Corkscrew
$29.99,Wine Openers.Heavy Duty Stainless Steel Hinges Wine Key.12Pcs/Random Color.
$6.99,Set Of 2 Red Handpainted Flowers Crystal Wine Glasses
$8.00,CORK POPS Black WINE OPENER and Foil Remover
$19.95,NEW 6 Pcs Rabbit Wine Opener Set With Accessories Tools Gift Box #A16
$14.10,Luigi Bormioli Crescendo Wine Carafe (48oz)
$30.00,QcoQce Wine Bottle Opener
$12.99,White Wine Brewing+( Red Wine Brewing )Active Dry Wine Yeast Alcohol 2Packs
$26.95,Happy Feet Rooster Wine Bottle Holder
$9.99,Hammered Brass Over Stainless steel Stemless Wine Glasses/ Candle Holders 
$14.95,NIB Corkit Wine Cork & Bottle Display Holder Industrial Steampunk Modern Art NEW
$9.00,Vintage Anjou Water Goblets/Wine Glass New Set by Leonard Silver MFG 4 Piece Set
$4.00,Set Of 2 Etched “ Hers” and “Hers Too” Wine Glasses
$31.79,Wine Glass European Style Wine Glass Rack for Home Kitchen Bar Restaurant
$39.99,Single Bottle Wine Holder Mini Bar Painted & Signed by Artist Alejandro Lopez
$99.92,3 Gal 12L Moonshine Still Stainless Steel Water Wine Alcohol Distiller Equipment
,Bamboo Red Wine Rack Wine Bottles Holder Wine Display Rack for Home Bar
$22.42,Metal Storage Shelf Wine Glass Rack Wine Glasses for The Cabinet
$71.49,Rickshaw Decoration Gift Wine Rack Retro Holder Bar Home Ornaments Vintage Iron
$24.99,"NIB Set Of 4 Riedel Wine Glasses, Viognier Chardonnay - 448/5"
$55.00,"set of 6 German Roemer wine glasses ,make in france"
$44.99,"mDesign Metal Wine Rack Storage Organizer, 12 Bottles - Dark Gray"
$12.99,HOME ESSENTIALS GRADIENT STEMLESS WINE GLASSES SET OF 4 20 FL OZ (591 ml) NEW
$25.00,Crystal Grape Wine Bottle Embellishment Jewelry Necklace For The Bottle
$19.98,"Waterford Elegance Chardonnay Wine Glass, Pair - 40001097 New In Box"
$35.99,NEW Wall Mounted Metal Relax Glass and Bottle Holder Wine Cork Storage 4 Rack
$46.78,Portable Wine Rack Bar Stainless Steel With Handle Single Bottle Free Standing
$19.99,Vina Wine bottle opener 5 pc set NIB 
$19.48,Whiskey Glass Mountain Wooden Bottom Wine Transparent
$10.00,Decorative Wine Holder In The Form Of A Bicycle
$12.95,The Original Rednek Vintage Wine Glass Limited Edition 16 oz Green by Carson NIB
$189.99,Lolita Hand Painted Christmas Wine Glass - Gingerbread Wonderland  Rare
$4.99,Bicycle Wine Bottle Holder/Excellent Condition
$21.56,Wine Glasses Wall Mount Wine Glass Rack Storage Shelf for The Cabinet
,Cosmetic Mica Powder Pigment Soap Bath Bombs  Nail Art Additive Soy Wax Candle
$6.28,Electric Automatic Wine Bottle Opener w/Foil Cutter Rechargeable Corkscre
$19.00,Custom wine glass 
$29.99,BRAND NEW Metrokane Rabbit Wine Gold Color Tool Kit 6 Piece Set w/Aerator 
$8.95,BLACK Butterfly Winged Corkscrew WINE BOTTLE OPENER Swing-a-Way
